-- Deploy sead_change_control:CS_ECOCODE_20180222_ADD_SYSTEM_ID to pg

/****************************************************************************************************************
  Author        
  Date          2018-02-22
  Description   Addition of 'Dutch ecological classification for plants' as an SEAD ecocode system
  Prerequisites 
  Reviewer      
  Approver      
  Idempotent    Yes
  Notes
*****************************************************************************************************************/

begin;
do $$
begin

    begin
    
        if (select count(*) from "public"."tbl_ecocode_systems" where ecocode_system_id = 4) = 1 then
            raise exception SQLSTATE 'GUARD';
        end if;

    SET client_encoding = 'UTF8',
    SET client_min_messages = warning,
    SET row_security = off,
    SET default_with_oids = false,

    insert into public.tbl_ecocode_systems (ecocode_system_id, biblio_id, date_updated, definition, name, notes) values
            (4, 5555, '2018-02-22 11:05:37.327586+01', 'Dutch ecological classification for plants', 'Arnolds & van der Maarel (plants)', 'Experimental inclusion of this system to test use of plant traits in SEAD');

    insert into public.tbl_ecocode_groups (ecocode_group_id, date_updated, definition, ecocode_system_id, label) values 
        (4, NULL, '1 Plants on arable fields and dry brushwoods', 4, 'Arable fields and dry brushwoods'),
        (5, NULL, '2 Plants on disturbed sites or open, moist to wet, humus-poor soil', 4, 'Disturbed sites or open, moist to wet, humus-poor soil'),
        (6, NULL, '3 Plants from sea dunes, salt waters and salt marshes', 4, 'Sea dunes, salt waters and salt marshes'),
        (7, NULL, '4 Plants from fresh waters and freshwater shores', 4, 'Fresh waters and freshwater shores'),
        (8, NULL, '5 Plants from fertilized grasslands on moderately nutrient rich to nutrient rich, moist to wet soil', 4, 'Fertilized grasslands on moderately nutrient rich to nutrient rich, moist to wet soil'),
        (9, NULL, '6 Plants on dry grasslands and walls', 4, 'Dry grasslands and walls'),
        (10, NULL, '7 Plants on heathlands, fens, rough pastures and calcareous bogs', 4, 'Heathlands, fens, rough pastures and calcareous bogs'),
        (11, NULL, '8 Plants on clearcuttings, borders between grasslands and forests, and shrubland', 4, 'Clearcuttings, borders between grasslands and forests, and shrubland');
        (12, NULL, '9 Plants from forests', 4, 'Forests'),
        
    insert into public.tbl_ecocode_definitions (ecocode_definition_id, abbreviation, date_updated, definition, ecocode_group_id, label, notes, sort_order) values
            (159, '1', '2018-02-22', 'Plants on arable fields and dry brushwoods', 4, 'Arable fields and dry brushwoods', '', 1),
            (160, '1a', '2018-02-22', 'Arable fields on nutrient-rich, non-calcareous soil', 4, 'Arable fields on nutrient-rich, non-calcareous soil', '', 2),
            (161, '1b', '2018-02-22', 'Arable fields on calcareous soil', 4, 'Arable fields on calcareous soil', '', 3),
            (162, '1c', '2018-02-22', 'Arable fields on moderately nutritious, non-calcareus soil', 4, 'Arable fields on moderately nutritious, non-calcareus soil', '', 4),
            (163, '1d', '2018-02-22', 'Frequently trodden sites on dry, nutrient-rich soil', 4, 'Frequently trodden sites on dry, nutrient-rich soil', '', 5),
            (164, '1e', '2018-02-22', 'Brushwoods on rarely trodden, nutrient-rich, non-humic and non-calcareus, dry soil', 4, 'Brushwoods on rarely trodden, nutrient-rich, non-humic and non-calcareus, dry soil', '', 6),
            (165, '1f', '2018-02-22', 'Brushwoods on rarely trodden, calcareous , non-humic , dry soil', 4, 'Brushwoods on rarely trodden, calcareous , non-humic , dry soil', '', 7),
            (166, '1g', '2018-02-22', 'Brushwoods on hardly trodden , nutrient-rich, humic , moderately dry soil', 4, 'Brushwoods on hardly trodden , nutrient-rich, humic , moderately dry soil', '', 8),
            (167, '2', '2018-02-22', 'Plants on disturbed sites or open, moist to wet, humus-poor soil', 5, 'Disturbed sites or open, moist to wet, humus-poor soil', '', 9),
            (168, '2a', '2018-02-22', 'Nutrient-rich sites with changing water levels or otherwise fluctuating environmental conditions', 5, 'Nutrient-rich sites with changing water levels or otherwise fluctuating environmental conditions', '', 10),
            (169, '2b', '2018-02-22', 'Open , nutrient-rich (especially nitrogen), wet soil', 5, 'Open , nutrient-rich (especially nitrogen), wet soil', '', 11),
            (170, '2c', '2018-02-22', 'Open , moderately nutrient-rich to nutrien- poor, moist soil', 5, 'Open , moderately nutrient-rich to nutrien- poor, moist soil', '', 12),
            (171, '3', '2018-02-22', 'Plants from sea dunes, salt waters and salt marshes', 6, 'Sea dunes, salt waters and salt marshes', '', 13),
            (172, '3a', '2018-02-22', 'Beaches , coastal dunes and sandy tidal high water marks', 6, 'Beaches , coastal dunes and sandy tidal high water marks', '', 14),
            (173, '3b', '2018-02-22', 'Salt and strongly brackish waters, mudflats and low salt marshes', 6, 'Salt and strongly brackish waters, mudflats and low salt marshes', '', 15),
            (174, '3c', '2018-02-22', 'High salt marshes and contact situations between salt and fresh environments', 6, 'High salt marshes and contact situations between salt and fresh environments', '', 16),
            (175, '4', '2018-02-22', 'Plants from fresh waters and freshwater shores', 7, 'Fresh waters and freshwater shores', '', 17),
            (176, '4a', '2018-02-22', 'Fresh to moderately brackish , nutrient-rich waters', 7, 'Fresh to moderately brackish , nutrient-rich waters', '', 18),
            (177, '4b', '2018-02-22', 'Fresh, moderately nutrient-poor to very nutrient-poor waters and their periodically drying shores', 7, 'Fresh, moderately nutrient-poor to very nutrient-poor waters and their periodically drying shores', '', 19),
            (178, '4c', '2018-02-22', 'Nutrient-rich waterfronts and swamps', 7, 'Nutrient-rich waterfronts and swamps', '', 20),
            (179, '4d', '2018-02-22', 'Wash-up belts, wet brushwoods and willow thickets accompanying river courses', 7, 'Wash-up belts, wet brushwoods and willow thickets accompanying river courses', '', 21),
            (180, '5', '2018-02-22', 'Plants from fertilized grasslands on moderately nutrient rich to nutrient rich, moist to wet soil', 8, 'Fertilized grasslands on moderately nutrient rich to nutrient rich, moist to wet soil', '', 22),
            (181, '5a', '2018-02-22', 'Fertilized grasslands on moderately moist soil', 8, 'Fertilized grasslands on moderately moist soil', '', 23),
            (182, '5b', '2018-02-22', 'Moderately fertilized grasslands on wet ground', 8, 'Moderately fertilized grasslands on wet ground', '', 24),
            (183, '6', '2018-02-22', 'Plants on dry grasslands and walls', 9, 'Plants on dry grasslands and walls', '', 25),
            (184, '6a', '2018-02-22', 'Walls', 9, 'Walls', '', 26),
            (185, '6b', '2018-02-22', 'Grasslands on dry, moderately nutrient-rich to nutrient-rich, non-calcareus to moderately calcareous slightly acidic to slightly alkaline soil', 9, 'Grasslands on dry, moderately nutrient-rich to nutrient-rich, non-calcareus to moderately calcareous slightly acidic to slightly alkaline soil', '', 27),
            (186, '6c', '2018-02-22', 'Grasslands on dry, moderately nutrient-rich, calcareous or zinc-containing, neutral to alkaline soil', 9, 'Grasslands on dry, moderately nutrient-rich, calcareous or zinc-containing, neutral to alkaline soil', '', 28),
            (187, '6d', '2018-02-22', 'Grasslands on dry, fairly nutrient-poor, calcium-poor, acidic soil', 9, 'Grasslands on dry, fairly nutrient-poor, calcium-poor, acidic soil', '', 29),
            (188, '7', '2018-02-22', 'Plants on heathlands, fens, rough pastures and calcareous bogs', 10, 'Heathlands, fens, rough pastures and calcareous bogs', '', 30),
            (189, '7a', '2018-02-22', 'Moderately nutrient-rich, non-calcareous, acidic low moor bogs and wet, humic dune valleys', 10, 'Moderately nutrient-rich, non-calcareous, acidic low moor bogs and wet, humic dune valleys', '', 31),
            (190, '7b', '2018-02-22', 'Moderately nutrient-poor, calcareous, alkaline marshes', 10, 'Moderately nutrient-poor, calcareous, alkaline marshes', '', 32),
            (191, '7c', '2018-02-22', 'Unfertilized grasslands on moist to wet, moderately nutrient-poor , weakly acidic, peaty soils', 10, 'Unfertilized grasslands on moist to wet, moderately nutrient-poor , weakly acidic, peaty soils', '', 33),
            (192, '7d', '2018-02-22', 'High fens, wet heathlands and unfertilized grasslands on wet, very nutrient-poor, acidic and humic soils', 10, 'High fens, wet heathlands and unfertilized grasslands on wet, very nutrient-poor, acidic and humic soils', '', 34),
            (193, '7e', '2018-02-22', 'Dry heathlands and unfertilized grasslands on moderately moist to dry, nutrient- poor, acidic and humic soils', 10, 'Dry heathlands and unfertilized grasslands on moderately moist to dry, nutrient- poor, acidic and humic soils', '', 35),
            (194, '8', '2018-02-22', 'Plants on clearcuttings, borders between grasslands and forests, and shrubland', 11, 'Clearcuttings, borders between grasslands and forests, and shrubland', '', 36),
            (195, '8a', '2018-02-22', 'Clear cuttings on moderately moist to dry, moderately nutrient rich to nutrient-rich soils', 11, 'Clear cuttings on moderately moist to dry, moderately nutrient rich to nutrient-rich soils', '', 37),
            (196, '8b', '2018-02-22', 'Borders between grasslands and forests on nutrient-rich (especially nitrogen), non-calcareous, humic, moderately moist soils', 11, 'Borders between grasslands and forests on nutrient-rich (especially nitrogen), non-calcareous, humic, moderately moist soils', '', 38),
            (197, '8c', '2018-02-22', 'Borders between grasslands and forests on calcareous, loamy , moderately moist to dry soils', 11, 'Borders between grasslands and forests on calcareous, loamy , moderately moist to dry soils', '', 39),
            (198, '8d', '2018-02-22', 'Shrublands on moderately moist to dry, nutrient-rich soil', 11, 'Shrublands on moderately moist to dry, nutrient-rich soil', '', 40),
            (199, '9', '2018-02-22', 'Plants from forests', 12, 'Forests', '', 41),
            (200, '9a', '2018-02-22', 'Forests on nutrient-rich, moist to wet soils and from source areas', 12, 'Forests on nutrient-rich, moist to wet soils and from source areas', '', 42),
            (201, '9b', '2018-02-22', 'Forests on mature, moderately nutrient-rich to nutrient-rich, moderately moist to dry soils', 12, 'Forests on mature, moderately nutrient-rich to nutrient-rich, moderately moist to dry soils', '', 43),
            (202, '9c', '2018-02-22', 'Forests on young , nutrient-rich, moderately moist soil', 12, 'Forests on young , nutrient-rich, moderately moist soil', '', 44),
            (203, '9d', '2018-02-22', 'Forests on mature, calcareous , dry ground', 12, 'Forests on mature, calcareous , dry ground', '', 45),
            (204, '9e', '2018-02-22', 'Forests and forest edges on fairly nutrient-poor to very nutrient-poor, non-calcareus, dry soil', 12, 'Forests and forest edges on fairly nutrient-poor to very nutrient-poor, non-calcareus, dry soil', '', 46);

    insert into public.tbl_ecocodes (ecocode_id, date_updated, ecocode_definition_id, taxon_id) values
            (22984, '2018-02-22', 160, 3139),
            (22985, '2018-02-22', 203, 3),
            (22986, '2018-02-22', 202, 6),
            (22987, '2018-02-22', 181, 314),
            (22988, '2018-02-22', 182, 320),
            (22989, '2018-02-22', 178, 12),
            (22990, '2018-02-22', 203, 4416),
            (22991, '2018-02-22', 161, 4417),
            (22992, '2018-02-22', 185, 4419),
            (22993, '2018-02-22', 201, 17),
            (22994, '2018-02-22', 196, 135),
            (22995, '2018-02-22', 160, 136),
            (22996, '2018-02-22', 197, 4561),
            (22997, '2018-02-22', 197, 4563),
            (22998, '2018-02-22', 160, 18144),
            (22999, '2018-02-22', 160, 1413),
            (23000, '2018-02-22', 189, 3670),
            (23001, '2018-02-22', 187, 3673),
            (23002, '2018-02-22', 185, 3677),
            (23003, '2018-02-22', 168, 3680),
            (23004, '2018-02-22', 168, 3692),
            (23005, '2018-02-22', 187, 3694),
            (23006, '2018-02-22', 187, 3695),
            (23007, '2018-02-22', 187, 3698),
            (23008, '2018-02-22', 161, 2915),
            (23009, '2018-02-22', 193, 2920),
            (23010, '2018-02-22', 193, 18220),
            (23011, '2018-02-22', 182, 2922),
            (23012, '2018-02-22', 182, 4573),
            (23013, '2018-02-22', 182, 4576),
            (23014, '2018-02-22', 182, 4581),
            (23015, '2018-02-22', 181, 4582),
            (23016, '2018-02-22', 182, 4583),
            (23017, '2018-02-22', 182, 4595),
            (23018, '2018-02-22', 182, 4599),
            (23019, '2018-02-22', 178, 36),
            (23020, '2018-02-22', 178, 37),
            (23021, '2018-02-22', 178, 39),
            (23022, '2018-02-22', 196, 1067),
            (23023, '2018-02-22', 186, 49),
            (23024, '2018-02-22', 197, 60),
            (23025, '2018-02-22', 202, 62),
            (23026, '2018-02-22', 185, 67),
            (23027, '2018-02-22', 202, 73),
            (23028, '2018-02-22', 203, 77),
            (23029, '2018-02-22', 196, 78),
            (23030, '2018-02-22', 200, 964),
            (23031, '2018-02-22', 201, 966),
            (23032, '2018-02-22', 169, 3699),
            (23033, '2018-02-22', 174, 3707),
            (23034, '2018-02-22', 168, 3708),
            (23035, '2018-02-22', 160, 3711),
            (23036, '2018-02-22', 181, 3712),
            (23037, '2018-02-22', 179, 3143),
            (23038, '2018-02-22', 186, 1068),
            (23039, '2018-02-22', 164, 86),
            (23040, '2018-02-22', 164, 88),
            (23041, '2018-02-22', 160, 89),
            (23042, '2018-02-22', 164, 98),
            (23043, '2018-02-22', 162, 107),
            (23044, '2018-02-22', 164, 333),
            (23045, '2018-02-22', 204, 4604),
            (23046, '2018-02-22', 172, 3715),
            (23047, '2018-02-22', 186, 3345),
            (23048, '2018-02-22', 159, 3190),
            (23049, '2018-02-22', 170, 3192),
            (23050, '2018-02-22', 162, 992),
            (23051, '2018-02-22', 165, 997),
            (23052, '2018-02-22', 165, 998),
            (23053, '2018-02-22', 192, 2246),
            (23054, '2018-02-22', 202, 4421),
            (23055, '2018-02-22', 201, 4425),
            (23056, '2018-02-22', 203, 4427),
            (23057, '2018-02-22', 179, 144),
            (23058, '2018-02-22', 179, 147),
            (23059, '2018-02-22', 196, 3724),
            (23060, '2018-02-22', 165, 3725),
            (23061, '2018-02-22', 193, 344),
            (23062, '2018-02-22', 162, 350),
            (23063, '2018-02-22', 162, 18054),
            (23064, '2018-02-22', 164, 357),
            (23065, '2018-02-22', 164, 360),
            (23066, '2018-02-22', 197, 131),
            (23067, '2018-02-22', 162, 3728),
            (23068, '2018-02-22', 181, 3729),
            (23069, '2018-02-22', 198, 148),
            (23070, '2018-02-22', 196, 150),
            (23071, '2018-02-22', 186, 2319),
            (23072, '2018-02-22', 164, 3731),
            (23073, '2018-02-22', 162, 3732),
            (23074, '2018-02-22', 161, 4607),
            (23075, '2018-02-22', 174, 151),
            (23076, '2018-02-22', 177, 152),
            (23077, '2018-02-22', 178, 153),
            (23078, '2018-02-22', 203, 4434),
            (23079, '2018-02-22', 185, 1078),
            (23080, '2018-02-22', 197, 1085),
            (23081, '2018-02-22', 183, 1086),
            (23082, '2018-02-22', 166, 363),
            (23083, '2018-02-22', 166, 367),
            (23084, '2018-02-22', 166, 374),
            (23085, '2018-02-22', 193, 2248),
            (23086, '2018-02-22', 161, 1419),
            (23087, '2018-02-22', 160, 18209),
            (23088, '2018-02-22', 160, 1421),
            (23089, '2018-02-22', 197, 280),
            (23090, '2018-02-22', 174, 3643),
            (23091, '2018-02-22', 193, 379),
            (23092, '2018-02-22', 162, 380),
            (23093, '2018-02-22', 181, 18122),
            (23094, '2018-02-22', 181, 3735),
            (23095, '2018-02-22', 169, 386),
            (23096, '2018-02-22', 185, 387),
            (23097, '2018-02-22', 166, 402),
            (23098, '2018-02-22', 166, 18159),
            (23099, '2018-02-22', 201, 266),
            (23100, '2018-02-22', 165, 1000),
            (23101, '2018-02-22', 184, 286),
            (23102, '2018-02-22', 184, 291),
            (23103, '2018-02-22', 184, 293),
            (23104, '2018-02-22', 184, 297),
            (23105, '2018-02-22', 201, 300),
            (23106, '2018-02-22', 179, 412),
            (23107, '2018-02-22', 197, 2338),
            (23108, '2018-02-22', 201, 5644),
            (23109, '2018-02-22', 172, 1633),
            (23110, '2018-02-22', 172, 1637),
            (23111, '2018-02-22', 172, 1641),
            (23112, '2018-02-22', 164, 18225),
            (23113, '2018-02-22', 164, 1649),
            (23114, '2018-02-22', 173, 1650),
            (23115, '2018-02-22', 173, 1652),
            (23116, '2018-02-22', 164, 1653),
            (23117, '2018-02-22', 195, 5401),
            (23118, '2018-02-22', 160, 3741),
            (23119, '2018-02-22', 176, 947),
            (23120, '2018-02-22', 176, 948),
            (23121, '2018-02-22', 166, 2924),
            (23122, '2018-02-22', 181, 1096),
            (23123, '2018-02-22', 179, 1097),
            (23124, '2018-02-22', 179, 1100),
            (23125, '2018-02-22', 172, 1661),
            (23126, '2018-02-22', 181, 420),
            (23127, '2018-02-22', 198, 959),
            (23128, '2018-02-22', 164, 1103),
            (23129, '2018-02-22', 178, 155),
            (23130, '2018-02-22', 204, 978),
            (23131, '2018-02-22', 204, 980),
            (23132, '2018-02-22', 169, 425),
            (23133, '2018-02-22', 169, 427),
            (23134, '2018-02-22', 169, 429),
            (23135, '2018-02-22', 169, 432),
            (23136, '2018-02-22', 204, 984),
            (23137, '2018-02-22', 168, 1886),
            (23138, '2018-02-22', 174, 1887),
            (23139, '2018-02-22', 193, 3337),
            (23140, '2018-02-22', 193, 3338),
            (23141, '2018-02-22', 186, 3751),
            (23142, '2018-02-22', 201, 3752),
            (23143, '2018-02-22', 164, 1110),
            (23144, '2018-02-22', 179, 1113),
            (23145, '2018-02-22', 164, 1120),
            (23146, '2018-02-22', 181, 3754),
            (23147, '2018-02-22', 186, 3758),
            (23148, '2018-02-22', 195, 3761),
            (23149, '2018-02-22', 181, 3769),
            (23150, '2018-02-22', 182, 3781),
            (23151, '2018-02-22', 162, 3782),
            (23152, '2018-02-22', 162, 18208),
            (23153, '2018-02-22', 198, 1860),
            (23154, '2018-02-22', 184, 1333),
            (23155, '2018-02-22', 166, 1127),
            (23156, '2018-02-22', 186, 158),
            (23157, '2018-02-22', 186, 160),
            (23158, '2018-02-22', 174, 166),
            (23159, '2018-02-22', 178, 1334),
            (23160, '2018-02-22', 172, 1128),
            (23161, '2018-02-22', 189, 3789),
            (23162, '2018-02-22', 189, 3797),
            (23163, '2018-02-22', 178, 267),
            (23164, '2018-02-22', 176, 1339),
            (23165, '2018-02-22', 176, 1341),
            (23166, '2018-02-22', 176, 1343),
            (23167, '2018-02-22', 200, 1344),
            (23168, '2018-02-22', 176, 1345),
            (23169, '2018-02-22', 200, 1347),
            (23170, '2018-02-22', 193, 2249),
            (23171, '2018-02-22', 179, 1790),
            (23172, '2018-02-22', 160, 1140),
            (23173, '2018-02-22', 160, 18217),
            (23174, '2018-02-22', 186, 1354),
            (23175, '2018-02-22', 202, 1358),
            (23176, '2018-02-22', 181, 1362),
            (23177, '2018-02-22', 197, 1363),
            (23178, '2018-02-22', 166, 1366),
            (23179, '2018-02-22', 197, 1367),
            (23180, '2018-02-22', 187, 1368),
            (23181, '2018-02-22', 203, 1372),
            (23182, '2018-02-22', 163, 18185),
            (23183, '2018-02-22', 163, 1141),
            (23184, '2018-02-22', 200, 1144),
            (23185, '2018-02-22', 200, 1147),
            (23186, '2018-02-22', 185, 1151),
            (23187, '2018-02-22', 200, 1152),
            (23188, '2018-02-22', 181, 1155),
            (23189, '2018-02-22', 165, 440),
            (23190, '2018-02-22', 166, 443),
            (23191, '2018-02-22', 165, 447),
            (23192, '2018-02-22', 165, 450),
            (23193, '2018-02-22', 178, 1888),
            (23194, '2018-02-22', 178, 1896),
            (23195, '2018-02-22', 191, 1897),
            (23196, '2018-02-22', 178, 1901),
            (23197, '2018-02-22', 178, 18105),
            (23198, '2018-02-22', 185, 1911),
            (23199, '2018-02-22', 201, 1925),
            (23200, '2018-02-22', 191, 1932),
            (23201, '2018-02-22', 186, 1952),
            (23202, '2018-02-22', 189, 1953),
            (23203, '2018-02-22', 190, 1963),
            (23204, '2018-02-22', 203, 1967),
            (23205, '2018-02-22', 190, 1969),
            (23206, '2018-02-22', 174, 1979),
            (23207, '2018-02-22', 182, 1981),
            (23208, '2018-02-22', 189, 1983),
            (23209, '2018-02-22', 178, 1984),
            (23210, '2018-02-22', 200, 1988),
            (23211, '2018-02-22', 193, 1989),
            (23212, '2018-02-22', 174, 1992),
            (23213, '2018-02-22', 190, 1993),
            (23214, '2018-02-22', 190, 1994),
            (23215, '2018-02-22', 189, 2008),
            (23216, '2018-02-22', 168, 2010),
            (23217, '2018-02-22', 191, 2014),
            (23218, '2018-02-22', 189, 2026),
            (23219, '2018-02-22', 190, 2032),
            (23220, '2018-02-22', 192, 2039),
            (23221, '2018-02-22', 196, 2053),
            (23222, '2018-02-22', 189, 2055),
            (23223, '2018-02-22', 168, 2070),
            (23224, '2018-02-22', 168, 2072),
            (23225, '2018-02-22', 195, 2078),
            (23226, '2018-02-22', 191, 2079),
            (23227, '2018-02-22', 178, 2081),
            (23228, '2018-02-22', 200, 2087),
            (23229, '2018-02-22', 193, 2088),
            (23230, '2018-02-22', 178, 2090),
            (23231, '2018-02-22', 191, 2093),
            (23232, '2018-02-22', 174, 2094),
            (23233, '2018-02-22', 200, 2096),
            (23234, '2018-02-22', 178, 2099),
            (23235, '2018-02-22', 189, 2102),
            (23236, '2018-02-22', 196, 2115),
            (23237, '2018-02-22', 201, 2118),
            (23238, '2018-02-22', 191, 2120),
            (23239, '2018-02-22', 178, 2124),
            (23240, '2018-02-22', 168, 2129),
            (23241, '2018-02-22', 186, 454),
            (23242, '2018-02-22', 203, 1824),
            (23243, '2018-02-22', 181, 168),
            (23244, '2018-02-22', 204, 2609),
            (23245, '2018-02-22', 169, 3799),
            (23246, '2018-02-22', 186, 3800),
            (23247, '2018-02-22', 165, 464),
            (23248, '2018-02-22', 162, 469),
            (23249, '2018-02-22', 181, 475),
            (23250, '2018-02-22', 186, 489),
            (23251, '2018-02-22', 195, 2654),
            (23252, '2018-02-22', 170, 2657),
            (23253, '2018-02-22', 170, 2660),
            (23254, '2018-02-22', 203, 3347),
            (23255, '2018-02-22', 203, 3348),
            (23256, '2018-02-22', 203, 3350),
            (23257, '2018-02-22', 185, 1432),
            (23258, '2018-02-22', 185, 1434),
            (23259, '2018-02-22', 172, 1437),
            (23260, '2018-02-22', 164, 1446),
            (23261, '2018-02-22', 185, 1450),
            (23262, '2018-02-22', 185, 1451),
            (23263, '2018-02-22', 204, 2619),
            (23264, '2018-02-22', 176, 1625),
            (23265, '2018-02-22', 176, 1626),
            (23266, '2018-02-22', 179, 174),
            (23267, '2018-02-22', 196, 176),
            (23268, '2018-02-22', 196, 3540),
            (23269, '2018-02-22', 164, 18011),
            (23270, '2018-02-22', 164, 1676),
            (23271, '2018-02-22', 166, 1686),
            (23272, '2018-02-22', 164, 1688),
            (23273, '2018-02-22', 164, 1696),
            (23274, '2018-02-22', 165, 1700),
            (23275, '2018-02-22', 169, 1702),
            (23276, '2018-02-22', 164, 1704),
            (23277, '2018-02-22', 165, 1712),
            (23278, '2018-02-22', 160, 1715),
            (23279, '2018-02-22', 168, 1719),
            (23280, '2018-02-22', 169, 1722),
            (23281, '2018-02-22', 164, 1734),
            (23282, '2018-02-22', 200, 5220),
            (23283, '2018-02-22', 200, 5221),
            (23284, '2018-02-22', 181, 506),
            (23285, '2018-02-22', 178, 18055),
            (23286, '2018-02-22', 178, 177),
            (23287, '2018-02-22', 200, 3223),
            (23288, '2018-02-22', 200, 3224),
            (23289, '2018-02-22', 186, 509),
            (23290, '2018-02-22', 166, 515),
            (23291, '2018-02-22', 181, 524),
            (23292, '2018-02-22', 182, 528),
            (23293, '2018-02-22', 182, 532),
            (23294, '2018-02-22', 164, 536),
            (23295, '2018-02-22', 178, 2130),
            (23296, '2018-02-22', 196, 4329),
            (23297, '2018-02-22', 204, 4330),
            (23298, '2018-02-22', 198, 4446),
            (23299, '2018-02-22', 198, 4447),
            (23300, '2018-02-22', 174, 1166),
            (23301, '2018-02-22', 182, 1772),
            (23302, '2018-02-22', 166, 18254),
            (23303, '2018-02-22', 166, 180),
            (23304, '2018-02-22', 201, 181),
            (23305, '2018-02-22', 161, 4450),
            (23306, '2018-02-22', 204, 1779),
            (23307, '2018-02-22', 164, 1794),
            (23308, '2018-02-22', 163, 540),
            (23309, '2018-02-22', 204, 3352),
            (23310, '2018-02-22', 202, 1821),
            (23311, '2018-02-22', 198, 1822),
            (23312, '2018-02-22', 204, 1823),
            (23313, '2018-02-22', 163, 1176),
            (23314, '2018-02-22', 163, 1177),
            (23315, '2018-02-22', 163, 1455),
            (23316, '2018-02-22', 202, 2624),
            (23317, '2018-02-22', 202, 2633),
            (23318, '2018-02-22', 201, 1825),
            (23319, '2018-02-22', 187, 3811),
            (23320, '2018-02-22', 169, 546),
            (23321, '2018-02-22', 172, 1179),
            (23322, '2018-02-22', 201, 4650),
            (23323, '2018-02-22', 198, 4654),
            (23324, '2018-02-22', 181, 547),
            (23325, '2018-02-22', 164, 548),
            (23326, '2018-02-22', 165, 549),
            (23327, '2018-02-22', 182, 554),
            (23328, '2018-02-22', 164, 559),
            (23329, '2018-02-22', 202, 2817),
            (23330, '2018-02-22', 196, 4982),
            (23331, '2018-02-22', 160, 1802),
            (23332, '2018-02-22', 160, 1803),
            (23333, '2018-02-22', 193, 1804),
            (23334, '2018-02-22', 179, 1807),
            (23335, '2018-02-22', 179, 1811),
            (23336, '2018-02-22', 184, 5263),
            (23337, '2018-02-22', 185, 3814),
            (23338, '2018-02-22', 165, 1010),
            (23339, '2018-02-22', 181, 3815),
            (23340, '2018-02-22', 160, 2133),
            (23341, '2018-02-22', 170, 2134),
            (23342, '2018-02-22', 184, 5646),
            (23343, '2018-02-22', 187, 2358),
            (23344, '2018-02-22', 181, 3818),
            (23345, '2018-02-22', 190, 3355),
            (23346, '2018-02-22', 191, 3375),
            (23347, '2018-02-22', 193, 3824),
            (23348, '2018-02-22', 203, 5489),
            (23349, '2018-02-22', 164, 5406),
            (23350, '2018-02-22', 181, 185),
            (23351, '2018-02-22', 168, 3829),
            (23352, '2018-02-22', 204, 3832),
            (23353, '2018-02-22', 177, 3835),
            (23354, '2018-02-22', 165, 1182),
            (23355, '2018-02-22', 197, 1458),
            (23356, '2018-02-22', 186, 1462),
            (23357, '2018-02-22', 191, 1472),
            (23358, '2018-02-22', 195, 5268),
            (23359, '2018-02-22', 163, 3839),
            (23360, '2018-02-22', 164, 3840),
            (23361, '2018-02-22', 193, 3118),
            (23362, '2018-02-22', 193, 3121),
            (23363, '2018-02-22', 165, 1185),
            (23364, '2018-02-22', 165, 1187),
            (23365, '2018-02-22', 165, 2196),
            (23366, '2018-02-22', 202, 573),
            (23367, '2018-02-22', 202, 574),
            (23368, '2018-02-22', 186, 1203),
            (23369, '2018-02-22', 192, 2208),
            (23370, '2018-02-22', 192, 2209),
            (23371, '2018-02-22', 204, 2210),
            (23372, '2018-02-22', 189, 2215),
            (23373, '2018-02-22', 204, 2216),
            (23374, '2018-02-22', 201, 2219),
            (23375, '2018-02-22', 162, 3844),
            (23376, '2018-02-22', 165, 1014),
            (23377, '2018-02-22', 177, 2227),
            (23378, '2018-02-22', 177, 2228),
            (23379, '2018-02-22', 170, 2230),
            (23380, '2018-02-22', 177, 2137),
            (23381, '2018-02-22', 177, 2140),
            (23382, '2018-02-22', 178, 18040),
            (23383, '2018-02-22', 178, 2141),
            (23384, '2018-02-22', 190, 2148),
            (23385, '2018-02-22', 168, 2149),
            (23386, '2018-02-22', 176, 2793),
            (23387, '2018-02-22', 176, 2794),
            (23388, '2018-02-22', 201, 3857),
            (23389, '2018-02-22', 172, 3867),
            (23390, '2018-02-22', 164, 3875),
            (23391, '2018-02-22', 193, 2254),
            (23392, '2018-02-22', 193, 18039),
            (23393, '2018-02-22', 166, 3248),
            (23394, '2018-02-22', 179, 3268),
            (23395, '2018-02-22', 196, 3286),
            (23396, '2018-02-22', 178, 3293),
            (23397, '2018-02-22', 189, 3297),
            (23398, '2018-02-22', 178, 3303),
            (23399, '2018-02-22', 196, 3306),
            (23400, '2018-02-22', 195, 3308),
            (23401, '2018-02-22', 197, 3398),
            (23402, '2018-02-22', 201, 3401),
            (23403, '2018-02-22', 190, 3403),
            (23404, '2018-02-22', 164, 2231),
            (23405, '2018-02-22', 178, 2235),
            (23406, '2018-02-22', 201, 2237),
            (23407, '2018-02-22', 168, 2240),
            (23408, '2018-02-22', 201, 2243),
            (23409, '2018-02-22', 200, 2244),
            (23410, '2018-02-22', 190, 2245),
            (23411, '2018-02-22', 163, 3883),
            (23412, '2018-02-22', 163, 3886),
            (23413, '2018-02-22', 192, 2259),
            (23414, '2018-02-22', 185, 581),
            (23415, '2018-02-22', 166, 589),
            (23416, '2018-02-22', 192, 2155),
            (23417, '2018-02-22', 190, 2159),
            (23418, '2018-02-22', 190, 2160),
            (23419, '2018-02-22', 192, 2165),
            (23420, '2018-02-22', 185, 1214),
            (23421, '2018-02-22', 164, 1221),
            (23422, '2018-02-22', 186, 193),
            (23423, '2018-02-22', 172, 196),
            (23424, '2018-02-22', 160, 1222),
            (23425, '2018-02-22', 160, 18165),
            (23426, '2018-02-22', 184, 1225),
            (23427, '2018-02-22', 179, 604),
            (23428, '2018-02-22', 186, 2294),
            (23429, '2018-02-22', 165, 2297),
            (23430, '2018-02-22', 161, 2301),
            (23431, '2018-02-22', 160, 2304),
            (23432, '2018-02-22', 179, 2309),
            (23433, '2018-02-22', 160, 2310),
            (23434, '2018-02-22', 161, 2311),
            (23435, '2018-02-22', 186, 3457),
            (23436, '2018-02-22', 193, 18102),
            (23437, '2018-02-22', 193, 3467),
            (23438, '2018-02-22', 162, 4193),
            (23439, '2018-02-22', 201, 2610),
            (23440, '2018-02-22', 160, 18199),
            (23441, '2018-02-22', 160, 4196),
            (23442, '2018-02-22', 196, 4197),
            (23443, '2018-02-22', 166, 4198),
            (23444, '2018-02-22', 166, 4201),
            (23445, '2018-02-22', 172, 3895),
            (23446, '2018-02-22', 168, 3896),
            (23447, '2018-02-22', 187, 3904),
            (23448, '2018-02-22', 201, 3905),
            (23449, '2018-02-22', 187, 3909),
            (23450, '2018-02-22', 181, 3911),
            (23451, '2018-02-22', 181, 3914),
            (23452, '2018-02-22', 185, 607),
            (23453, '2018-02-22', 185, 608),
            (23454, '2018-02-22', 185, 610),
            (23455, '2018-02-22', 182, 4670),
            (23456, '2018-02-22', 197, 4671),
            (23457, '2018-02-22', 201, 4673),
            (23458, '2018-02-22', 195, 4674),
            (23459, '2018-02-22', 200, 3213),
            (23460, '2018-02-22', 182, 3088),
            (23461, '2018-02-22', 196, 2641),
            (23462, '2018-02-22', 160, 2645),
            (23463, '2018-02-22', 160, 18200),
            (23464, '2018-02-22', 201, 3090),
            (23465, '2018-02-22', 185, 3092),
            (23466, '2018-02-22', 201, 3093),
            (23467, '2018-02-22', 196, 3094),
            (23468, '2018-02-22', 202, 118),
            (23469, '2018-02-22', 161, 2934),
            (23470, '2018-02-22', 195, 2935),
            (23471, '2018-02-22', 161, 2937),
            (23472, '2018-02-22', 195, 2938),
            (23473, '2018-02-22', 162, 2940),
            (23474, '2018-02-22', 162, 18259),
            (23475, '2018-02-22', 162, 2941),
            (23476, '2018-02-22', 196, 2942),
            (23477, '2018-02-22', 162, 615),
            (23478, '2018-02-22', 160, 616),
            (23479, '2018-02-22', 196, 18052),
            (23480, '2018-02-22', 196, 4985),
            (23481, '2018-02-22', 182, 4989),
            (23482, '2018-02-22', 186, 4991),
            (23483, '2018-02-22', 181, 4992),
            (23484, '2018-02-22', 203, 4994),
            (23485, '2018-02-22', 178, 4996),
            (23486, '2018-02-22', 178, 18120),
            (23487, '2018-02-22', 186, 5000),
            (23488, '2018-02-22', 193, 5003),
            (23489, '2018-02-22', 161, 5011),
            (23490, '2018-02-22', 189, 5014),
            (23491, '2018-02-22', 185, 5016),
            (23492, '2018-02-22', 193, 2362),
            (23493, '2018-02-22', 204, 2363),
            (23494, '2018-02-22', 193, 2364),
            (23495, '2018-02-22', 193, 2366),
            (23496, '2018-02-22', 192, 2663),
            (23497, '2018-02-22', 190, 2665),
            (23498, '2018-02-22', 193, 2673),
            (23499, '2018-02-22', 196, 2694),
            (23500, '2018-02-22', 160, 2695),
            (23501, '2018-02-22', 196, 2699),
            (23502, '2018-02-22', 164, 2701),
            (23503, '2018-02-22', 202, 2703),
            (23504, '2018-02-22', 181, 2704),
            (23505, '2018-02-22', 198, 2705),
            (23506, '2018-02-22', 164, 2706),
            (23507, '2018-02-22', 166, 2707),
            (23508, '2018-02-22', 196, 2708),
            (23509, '2018-02-22', 164, 2711),
            (23510, '2018-02-22', 200, 4682),
            (23511, '2018-02-22', 196, 4686),
            (23512, '2018-02-22', 172, 3543),
            (23513, '2018-02-22', 174, 3194),
            (23514, '2018-02-22', 196, 2943),
            (23515, '2018-02-22', 200, 3929),
            (23516, '2018-02-22', 178, 3931),
            (23517, '2018-02-22', 178, 3935),
            (23518, '2018-02-22', 178, 3936),
            (23519, '2018-02-22', 195, 624),
            (23520, '2018-02-22', 170, 625),
            (23521, '2018-02-22', 204, 3406),
            (23522, '2018-02-22', 168, 5270),
            (23523, '2018-02-22', 176, 4339),
            (23524, '2018-02-22', 191, 3407),
            (23525, '2018-02-22', 203, 5651),
            (23526, '2018-02-22', 203, 5653),
            (23527, '2018-02-22', 170, 1476),
            (23528, '2018-02-22', 189, 3417),
            (23529, '2018-02-22', 201, 276),
            (23530, '2018-02-22', 186, 1754),
            (23531, '2018-02-22', 185, 647),
            (23532, '2018-02-22', 186, 3939),
            (23533, '2018-02-22', 186, 3940),
            (23534, '2018-02-22', 202, 201),
            (23535, '2018-02-22', 196, 202),
            (23536, '2018-02-22', 186, 3418),
            (23537, '2018-02-22', 204, 670),
            (23538, '2018-02-22', 182, 3947),
            (23539, '2018-02-22', 186, 2372),
            (23540, '2018-02-22', 198, 2226),
            (23541, '2018-02-22', 176, 2750),
            (23542, '2018-02-22', 164, 1236),
            (23543, '2018-02-22', 181, 3950),
            (23544, '2018-02-22', 204, 3951),
            (23545, '2018-02-22', 185, 1487),
            (23546, '2018-02-22', 174, 3959),
            (23547, '2018-02-22', 174, 3960),
            (23548, '2018-02-22', 163, 3961),
            (23549, '2018-02-22', 181, 3968),
            (23550, '2018-02-22', 176, 4390),
            (23551, '2018-02-22', 198, 1389),
            (23552, '2018-02-22', 198, 18210),
            (23553, '2018-02-22', 193, 3122),
            (23554, '2018-02-22', 176, 2795),
            (23555, '2018-02-22', 168, 206),
            (23556, '2018-02-22', 165, 18170),
            (23557, '2018-02-22', 165, 5411),
            (23558, '2018-02-22', 195, 1762),
            (23559, '2018-02-22', 170, 1763),
            (23560, '2018-02-22', 193, 1764),
            (23561, '2018-02-22', 203, 1767),
            (23562, '2018-02-22', 187, 1769),
            (23563, '2018-02-22', 204, 1770),
            (23564, '2018-02-22', 182, 1771),
            (23565, '2018-02-22', 204, 264),
            (23566, '2018-02-22', 170, 1490),
            (23567, '2018-02-22', 179, 950),
            (23568, '2018-02-22', 200, 951),
            (23569, '2018-02-22', 196, 952),
            (23570, '2018-02-22', 168, 675),
            (23571, '2018-02-22', 197, 676),
            (23572, '2018-02-22', 191, 680),
            (23573, '2018-02-22', 178, 2825),
            (23574, '2018-02-22', 165, 1244),
            (23575, '2018-02-22', 177, 2832),
            (23576, '2018-02-22', 177, 2834),
            (23577, '2018-02-22', 170, 2167),
            (23578, '2018-02-22', 187, 1374),
            (23579, '2018-02-22', 182, 2838),
            (23580, '2018-02-22', 190, 2839),
            (23581, '2018-02-22', 168, 2853),
            (23582, '2018-02-22', 169, 2859),
            (23583, '2018-02-22', 177, 2860),
            (23584, '2018-02-22', 170, 2863),
            (23585, '2018-02-22', 168, 2865),
            (23586, '2018-02-22', 191, 2866),
            (23587, '2018-02-22', 168, 2868),
            (23588, '2018-02-22', 181, 2870),
            (23589, '2018-02-22', 189, 2871),
            (23590, '2018-02-22', 168, 2874),
            (23591, '2018-02-22', 174, 2875),
            (23592, '2018-02-22', 170, 2877),
            (23593, '2018-02-22', 192, 2879),
            (23594, '2018-02-22', 189, 2881),
            (23595, '2018-02-22', 168, 2882),
            (23596, '2018-02-22', 193, 1878),
            (23597, '2018-02-22', 193, 18071),
            (23598, '2018-02-22', 161, 5273),
            (23599, '2018-02-22', 161, 5276),
            (23600, '2018-02-22', 181, 2200),
            (23601, '2018-02-22', 186, 3975),
            (23602, '2018-02-22', 186, 3976),
            (23603, '2018-02-22', 181, 685),
            (23604, '2018-02-22', 165, 687),
            (23605, '2018-02-22', 166, 688),
            (23606, '2018-02-22', 201, 2949),
            (23607, '2018-02-22', 196, 2952),
            (23608, '2018-02-22', 160, 2953),
            (23609, '2018-02-22', 160, 2955),
            (23610, '2018-02-22', 196, 2956),
            (23611, '2018-02-22', 160, 2957),
            (23612, '2018-02-22', 196, 689),
            (23613, '2018-02-22', 196, 18088),
            (23614, '2018-02-22', 203, 3473),
            (23615, '2018-02-22', 161, 2380),
            (23616, '2018-02-22', 164, 2386),
            (23617, '2018-02-22', 172, 2389),
            (23618, '2018-02-22', 204, 2397),
            (23619, '2018-02-22', 198, 2398),
            (23620, '2018-02-22', 182, 2402),
            (23621, '2018-02-22', 181, 2403),
            (23622, '2018-02-22', 197, 2408),
            (23623, '2018-02-22', 181, 2410),
            (23624, '2018-02-22', 169, 3979),
            (23625, '2018-02-22', 161, 1375),
            (23626, '2018-02-22', 161, 1377),
            (23627, '2018-02-22', 176, 3069),
            (23628, '2018-02-22', 176, 3070),
            (23629, '2018-02-22', 176, 3071),
            (23630, '2018-02-22', 176, 3072),
            (23631, '2018-02-22', 168, 18147),
            (23632, '2018-02-22', 168, 693),
            (23633, '2018-02-22', 186, 699),
            (23634, '2018-02-22', 185, 700),
            (23635, '2018-02-22', 166, 2959),
            (23636, '2018-02-22', 164, 1249),
            (23637, '2018-02-22', 179, 1251),
            (23638, '2018-02-22', 164, 1252),
            (23639, '2018-02-22', 179, 1253),
            (23640, '2018-02-22', 163, 1258),
            (23641, '2018-02-22', 164, 1262),
            (23642, '2018-02-22', 181, 706),
            (23643, '2018-02-22', 178, 122),
            (23644, '2018-02-22', 202, 123),
            (23645, '2018-02-22', 172, 3983),
            (23646, '2018-02-22', 198, 3216),
            (23647, '2018-02-22', 162, 3097),
            (23648, '2018-02-22', 173, 3653),
            (23649, '2018-02-22', 170, 5277),
            (23650, '2018-02-22', 187, 5291),
            (23651, '2018-02-22', 164, 5294),
            (23652, '2018-02-22', 204, 3115),
            (23653, '2018-02-22', 185, 3110),
            (23654, '2018-02-22', 190, 3419),
            (23655, '2018-02-22', 204, 3420),
            (23656, '2018-02-22', 201, 3421),
            (23657, '2018-02-22', 161, 1022),
            (23658, '2018-02-22', 198, 1025),
            (23659, '2018-02-22', 177, 1378),
            (23660, '2018-02-22', 164, 3986),
            (23661, '2018-02-22', 163, 3989),
            (23662, '2018-02-22', 160, 3992),
            (23663, '2018-02-22', 160, 3997),
            (23664, '2018-02-22', 204, 1405),
            (23665, '2018-02-22', 203, 1409),
            (23666, '2018-02-22', 182, 2420),
            (23667, '2018-02-22', 177, 43),
            (23668, '2018-02-22', 187, 2891),
            (23669, '2018-02-22', 204, 2897),
            (23670, '2018-02-22', 182, 2898),
            (23671, '2018-02-22', 201, 2906),
            (23672, '2018-02-22', 204, 2909),
            (23673, '2018-02-22', 182, 1495),
            (23674, '2018-02-22', 182, 18256),
            (23675, '2018-02-22', 198, 5414),
            (23676, '2018-02-22', 192, 3125),
            (23677, '2018-02-22', 204, 3126),
            (23678, '2018-02-22', 193, 3129),
            (23679, '2018-02-22', 178, 2965),
            (23680, '2018-02-22', 200, 3196),
            (23681, '2018-02-22', 168, 3197),
            (23682, '2018-02-22', 189, 3199),
            (23683, '2018-02-22', 182, 3200),
            (23684, '2018-02-22', 170, 3133),
            (23685, '2018-02-22', 170, 3135),
            (23686, '2018-02-22', 179, 3136),
            (23687, '2018-02-22', 202, 962),
            (23688, '2018-02-22', 204, 1780),
            (23689, '2018-02-22', 198, 4692),
            (23690, '2018-02-22', 166, 3156),
            (23691, '2018-02-22', 196, 3159),
            (23692, '2018-02-22', 164, 3160),
            (23693, '2018-02-22', 164, 3165),
            (23694, '2018-02-22', 165, 2968),
            (23695, '2018-02-22', 160, 716),
            (23696, '2018-02-22', 181, 2432),
            (23697, '2018-02-22', 181, 18222),
            (23698, '2018-02-22', 181, 2439),
            (23699, '2018-02-22', 185, 2440),
            (23700, '2018-02-22', 164, 2449),
            (23701, '2018-02-22', 164, 2452),
            (23702, '2018-02-22', 161, 3474),
            (23703, '2018-02-22', 204, 3477),
            (23704, '2018-02-22', 204, 18154),
            (23705, '2018-02-22', 203, 4002),
            (23706, '2018-02-22', 164, 2461),
            (23707, '2018-02-22', 179, 2463),
            (23708, '2018-02-22', 164, 2465),
            (23709, '2018-02-22', 164, 2470),
            (23710, '2018-02-22', 178, 2979),
            (23711, '2018-02-22', 168, 2983),
            (23712, '2018-02-22', 168, 18156),
            (23713, '2018-02-22', 179, 2986),
            (23714, '2018-02-22', 168, 2989),
            (23715, '2018-02-22', 168, 2993),
            (23716, '2018-02-22', 189, 3183),
            (23717, '2018-02-22', 160, 2314),
            (23718, '2018-02-22', 203, 2315),
            (23719, '2018-02-22', 162, 4003),
            (23720, '2018-02-22', 201, 4004),
            (23721, '2018-02-22', 185, 4005),
            (23722, '2018-02-22', 178, 5296),
            (23723, '2018-02-22', 162, 5301),
            (23724, '2018-02-22', 201, 1505),
            (23725, '2018-02-22', 192, 4007),
            (23726, '2018-02-22', 204, 2261),
            (23727, '2018-02-22', 204, 2262),
            (23728, '2018-02-22', 202, 2764),
            (23729, '2018-02-22', 164, 2765),
            (23730, '2018-02-22', 201, 723),
            (23731, '2018-02-22', 196, 1028),
            (23732, '2018-02-22', 164, 1030),
            (23733, '2018-02-22', 185, 1036),
            (23734, '2018-02-22', 178, 1037),
            (23735, '2018-02-22', 201, 1042),
            (23736, '2018-02-22', 170, 4466),
            (23737, '2018-02-22', 192, 3189),
            (23738, '2018-02-22', 177, 2739),
            (23739, '2018-02-22', 176, 2741),
            (23740, '2018-02-22', 177, 2742),
            (23741, '2018-02-22', 164, 213),
            (23742, '2018-02-22', 176, 2797),
            (23743, '2018-02-22', 193, 128),
            (23744, '2018-02-22', 193, 4008),
            (23745, '2018-02-22', 192, 3202),
            (23746, '2018-02-22', 203, 3424),
            (23747, '2018-02-22', 165, 2998),
            (23748, '2018-02-22', 176, 3205),
            (23749, '2018-02-22', 176, 3208),
            (23750, '2018-02-22', 176, 18121),
            (23751, '2018-02-22', 176, 3184),
            (23752, '2018-02-22', 168, 3484),
            (23753, '2018-02-22', 178, 214),
            (23754, '2018-02-22', 178, 215),
            (23755, '2018-02-22', 174, 216),
            (23756, '2018-02-22', 165, 3317),
            (23757, '2018-02-22', 186, 2477),
            (23758, '2018-02-22', 165, 725),
            (23759, '2018-02-22', 189, 3342),
            (23760, '2018-02-22', 197, 3425),
            (23761, '2018-02-22', 197, 3426),
            (23762, '2018-02-22', 197, 3429),
            (23763, '2018-02-22', 200, 5485),
            (23764, '2018-02-22', 197, 3004),
            (23765, '2018-02-22', 202, 2769),
            (23766, '2018-02-22', 196, 2772),
            (23767, '2018-02-22', 187, 2483),
            (23768, '2018-02-22', 187, 2484),
            (23769, '2018-02-22', 196, 3494),
            (23770, '2018-02-22', 181, 3496),
            (23771, '2018-02-22', 186, 3497),
            (23772, '2018-02-22', 185, 3498),
            (23773, '2018-02-22', 160, 3499),
            (23774, '2018-02-22', 165, 3500),
            (23775, '2018-02-22', 200, 3521),
            (23776, '2018-02-22', 201, 3522),
            (23777, '2018-02-22', 160, 3524),
            (23778, '2018-02-22', 160, 3529),
            (23779, '2018-02-22', 160, 4011),
            (23780, '2018-02-22', 162, 3549),
            (23781, '2018-02-22', 162, 3556),
            (23782, '2018-02-22', 160, 3571),
            (23783, '2018-02-22', 174, 4017),
            (23784, '2018-02-22', 170, 3501),
            (23785, '2018-02-22', 184, 5535),
            (23786, '2018-02-22', 196, 5536),
            (23787, '2018-02-22', 203, 5499),
            (23788, '2018-02-22', 190, 3573),
            (23789, '2018-02-22', 181, 219),
            (23790, '2018-02-22', 189, 3506),
            (23791, '2018-02-22', 192, 3511),
            (23792, '2018-02-22', 202, 1049),
            (23793, '2018-02-22', 168, 4204),
            (23794, '2018-02-22', 169, 4208),
            (23795, '2018-02-22', 164, 18002),
            (23796, '2018-02-22', 164, 4211),
            (23797, '2018-02-22', 160, 4216),
            (23798, '2018-02-22', 170, 4219),
            (23799, '2018-02-22', 166, 4223),
            (23800, '2018-02-22', 179, 730),
            (23801, '2018-02-22', 186, 1508),
            (23802, '2018-02-22', 181, 223),
            (23803, '2018-02-22', 189, 226),
            (23804, '2018-02-22', 178, 4023),
            (23805, '2018-02-22', 200, 5486),
            (23806, '2018-02-22', 185, 4035),
            (23807, '2018-02-22', 178, 4042),
            (23808, '2018-02-22', 200, 1384),
            (23809, '2018-02-22', 166, 3577),
            (23810, '2018-02-22', 165, 733),
            (23811, '2018-02-22', 186, 734),
            (23812, '2018-02-22', 177, 3178),
            (23813, '2018-02-22', 181, 228),
            (23814, '2018-02-22', 185, 230),
            (23815, '2018-02-22', 191, 3079),
            (23816, '2018-02-22', 204, 18083),
            (23817, '2018-02-22', 204, 3611),
            (23818, '2018-02-22', 164, 3620),
            (23819, '2018-02-22', 174, 3622),
            (23820, '2018-02-22', 181, 17999),
            (23821, '2018-02-22', 181, 3627),
            (23822, '2018-02-22', 173, 3634),
            (23823, '2018-02-22', 186, 3636),
            (23824, '2018-02-22', 191, 3431),
            (23825, '2018-02-22', 197, 3435),
            (23826, '2018-02-22', 163, 4049),
            (23827, '2018-02-22', 185, 4055),
            (23828, '2018-02-22', 202, 4056),
            (23829, '2018-02-22', 186, 4057),
            (23830, '2018-02-22', 201, 4067),
            (23831, '2018-02-22', 178, 4069),
            (23832, '2018-02-22', 181, 4070),
            (23833, '2018-02-22', 181, 18164),
            (23834, '2018-02-22', 168, 4078),
            (23835, '2018-02-22', 163, 1510),
            (23836, '2018-02-22', 186, 4180),
            (23837, '2018-02-22', 187, 4181),
            (23838, '2018-02-22', 201, 1783),
            (23839, '2018-02-22', 198, 1785),
            (23840, '2018-02-22', 204, 1786),
            (23841, '2018-02-22', 163, 18021),
            (23842, '2018-02-22', 163, 4228),
            (23843, '2018-02-22', 204, 4326),
            (23844, '2018-02-22', 203, 2220),
            (23845, '2018-02-22', 201, 2223),
            (23846, '2018-02-22', 202, 5039),
            (23847, '2018-02-22', 179, 5046),
            (23848, '2018-02-22', 204, 5051),
            (23849, '2018-02-22', 162, 4336),
            (23850, '2018-02-22', 176, 4340),
            (23851, '2018-02-22', 177, 4343),
            (23852, '2018-02-22', 176, 4347),
            (23853, '2018-02-22', 176, 4353),
            (23854, '2018-02-22', 176, 4355),
            (23855, '2018-02-22', 176, 4357),
            (23856, '2018-02-22', 177, 4364),
            (23857, '2018-02-22', 176, 4372),
            (23858, '2018-02-22', 176, 4375),
            (23859, '2018-02-22', 176, 4376),
            (23860, '2018-02-22', 176, 4377),
            (23861, '2018-02-22', 176, 4379),
            (23862, '2018-02-22', 177, 4381),
            (23863, '2018-02-22', 176, 4382),
            (23864, '2018-02-22', 176, 4383),
            (23865, '2018-02-22', 176, 4385),
            (23866, '2018-02-22', 168, 4699),
            (23867, '2018-02-22', 187, 4702),
            (23868, '2018-02-22', 193, 4715),
            (23869, '2018-02-22', 164, 4719),
            (23870, '2018-02-22', 164, 4728),
            (23871, '2018-02-22', 189, 18108),
            (23872, '2018-02-22', 164, 4732),
            (23873, '2018-02-22', 168, 4735),
            (23874, '2018-02-22', 203, 4739),
            (23875, '2018-02-22', 170, 4741),
            (23876, '2018-02-22', 201, 4392),
            (23877, '2018-02-22', 186, 4402),
            (23878, '2018-02-22', 201, 4404),
            (23879, '2018-02-22', 181, 3012),
            (23880, '2018-02-22', 201, 4747),
            (23881, '2018-02-22', 198, 4748),
            (23882, '2018-02-22', 201, 18127),
            (23883, '2018-02-22', 201, 4759),
            (23884, '2018-02-22', 204, 4763),
            (23885, '2018-02-22', 198, 4764),
            (23886, '2018-02-22', 184, 2652),
            (23887, '2018-02-22', 184, 2653),
            (23888, '2018-02-22', 186, 3437),
            (23889, '2018-02-22', 204, 2186),
            (23890, '2018-02-22', 173, 4090),
            (23891, '2018-02-22', 173, 4092),
            (23892, '2018-02-22', 173, 4096),
            (23893, '2018-02-22', 173, 4098),
            (23894, '2018-02-22', 168, 775),
            (23895, '2018-02-22', 170, 776),
            (23896, '2018-02-22', 203, 1060),
            (23897, '2018-02-22', 186, 4476),
            (23898, '2018-02-22', 204, 2269),
            (23899, '2018-02-22', 189, 2272),
            (23900, '2018-02-22', 198, 4768),
            (23901, '2018-02-22', 204, 2612),
            (23902, '2018-02-22', 201, 2614),
            (23903, '2018-02-22', 204, 2615),
            (23904, '2018-02-22', 170, 3113),
            (23905, '2018-02-22', 181, 4480),
            (23906, '2018-02-22', 181, 18138),
            (23907, '2018-02-22', 176, 4486),
            (23908, '2018-02-22', 161, 4490),
            (23909, '2018-02-22', 185, 4492),
            (23910, '2018-02-22', 176, 4494),
            (23911, '2018-02-22', 201, 4499),
            (23912, '2018-02-22', 201, 18095),
            (23913, '2018-02-22', 189, 4502),
            (23914, '2018-02-22', 176, 4504),
            (23915, '2018-02-22', 176, 4506),
            (23916, '2018-02-22', 178, 4512),
            (23917, '2018-02-22', 176, 4519),
            (23918, '2018-02-22', 168, 4531),
            (23919, '2018-02-22', 168, 4533),
            (23920, '2018-02-22', 162, 1284),
            (23921, '2018-02-22', 162, 18007),
            (23922, '2018-02-22', 164, 1292),
            (23923, '2018-02-22', 165, 4555),
            (23924, '2018-02-22', 165, 4556),
            (23925, '2018-02-22', 193, 3513),
            (23926, '2018-02-22', 192, 2170),
            (23927, '2018-02-22', 192, 2171),
            (23928, '2018-02-22', 198, 2724),
            (23929, '2018-02-22', 200, 2729),
            (23930, '2018-02-22', 200, 2732),
            (23931, '2018-02-22', 198, 2737),
            (23932, '2018-02-22', 178, 1298),
            (23933, '2018-02-22', 168, 1300),
            (23934, '2018-02-22', 169, 1301),
            (23935, '2018-02-22', 168, 1304),
            (23936, '2018-02-22', 198, 4781),
            (23937, '2018-02-22', 198, 4809),
            (23938, '2018-02-22', 197, 4816),
            (23939, '2018-02-22', 198, 4819),
            (23940, '2018-02-22', 198, 4822),
            (23941, '2018-02-22', 198, 4829),
            (23942, '2018-02-22', 166, 5020),
            (23943, '2018-02-22', 198, 4843),
            (23944, '2018-02-22', 201, 18221),
            (23945, '2018-02-22', 195, 18191),
            (23946, '2018-02-22', 195, 4867),
            (23947, '2018-02-22', 204, 4901),
            (23948, '2018-02-22', 202, 4909),
            (23949, '2018-02-22', 179, 784),
            (23950, '2018-02-22', 181, 4245),
            (23951, '2018-02-22', 187, 18005),
            (23952, '2018-02-22', 187, 4251),
            (23953, '2018-02-22', 179, 4258),
            (23954, '2018-02-22', 168, 4268),
            (23955, '2018-02-22', 168, 18036),
            (23956, '2018-02-22', 168, 4272),
            (23957, '2018-02-22', 178, 4289),
            (23958, '2018-02-22', 169, 4297),
            (23959, '2018-02-22', 166, 4302),
            (23960, '2018-02-22', 169, 4308),
            (23961, '2018-02-22', 200, 4320),
            (23962, '2018-02-22', 184, 4321),
            (23963, '2018-02-22', 181, 4323),
            (23964, '2018-02-22', 173, 5022),
            (23965, '2018-02-22', 173, 18162),
            (23966, '2018-02-22', 173, 5023),
            (23967, '2018-02-22', 163, 1512),
            (23968, '2018-02-22', 174, 1514),
            (23969, '2018-02-22', 170, 1517),
            (23970, '2018-02-22', 163, 1520),
            (23971, '2018-02-22', 170, 1523),
            (23972, '2018-02-22', 178, 46),
            (23973, '2018-02-22', 173, 1743),
            (23974, '2018-02-22', 179, 5068),
            (23975, '2018-02-22', 200, 5080),
            (23976, '2018-02-22', 201, 5107),
            (23977, '2018-02-22', 200, 5119),
            (23978, '2018-02-22', 179, 5132),
            (23979, '2018-02-22', 179, 5136),
            (23980, '2018-02-22', 200, 5190),
            (23981, '2018-02-22', 179, 5193),
            (23982, '2018-02-22', 189, 5196),
            (23983, '2018-02-22', 179, 5207),
            (23984, '2018-02-22', 179, 5208),
            (23985, '2018-02-22', 186, 3021),
            (23986, '2018-02-22', 165, 3024),
            (23987, '2018-02-22', 176, 5210),
            (23988, '2018-02-22', 195, 18),
            (23989, '2018-02-22', 198, 19),
            (23990, '2018-02-22', 195, 21),
            (23991, '2018-02-22', 170, 5488),
            (23992, '2018-02-22', 186, 4924),
            (23993, '2018-02-22', 182, 4927),
            (23994, '2018-02-22', 203, 236),
            (23995, '2018-02-22', 165, 1525),
            (23996, '2018-02-22', 181, 5239),
            (23997, '2018-02-22', 192, 5241),
            (23998, '2018-02-22', 185, 5252),
            (23999, '2018-02-22', 186, 2203),
            (24000, '2018-02-22', 161, 239),
            (24001, '2018-02-22', 192, 5255),
            (24002, '2018-02-22', 178, 2172),
            (24003, '2018-02-22', 178, 2174),
            (24004, '2018-02-22', 190, 2177),
            (24005, '2018-02-22', 202, 2776),
            (24006, '2018-02-22', 202, 2781),
            (24007, '2018-02-22', 182, 2180),
            (24008, '2018-02-22', 162, 18033),
            (24009, '2018-02-22', 162, 1527),
            (24010, '2018-02-22', 185, 1531),
            (24011, '2018-02-22', 193, 791),
            (24012, '2018-02-22', 178, 5306),
            (24013, '2018-02-22', 201, 5311),
            (24014, '2018-02-22', 178, 5315),
            (24015, '2018-02-22', 202, 5316),
            (24016, '2018-02-22', 178, 3032),
            (24017, '2018-02-22', 200, 3035),
            (24018, '2018-02-22', 186, 2500),
            (24019, '2018-02-22', 185, 1843),
            (24020, '2018-02-22', 186, 1844),
            (24021, '2018-02-22', 185, 1848),
            (24022, '2018-02-22', 185, 1854),
            (24023, '2018-02-22', 191, 243),
            (24024, '2018-02-22', 182, 792),
            (24025, '2018-02-22', 181, 797),
            (24026, '2018-02-22', 185, 801),
            (24027, '2018-02-22', 195, 807),
            (24028, '2018-02-22', 179, 808),
            (24029, '2018-02-22', 195, 813),
            (24030, '2018-02-22', 164, 817),
            (24031, '2018-02-22', 164, 819),
            (24032, '2018-02-22', 160, 821),
            (24033, '2018-02-22', 191, 827),
            (24034, '2018-02-22', 162, 4112),
            (24035, '2018-02-22', 162, 4113),
            (24036, '2018-02-22', 162, 18053),
            (24037, '2018-02-22', 162, 4116),
            (24038, '2018-02-22', 161, 5021),
            (24039, '2018-02-22', 181, 249),
            (24040, '2018-02-22', 185, 1536),
            (24041, '2018-02-22', 196, 18097),
            (24042, '2018-02-22', 196, 1545),
            (24043, '2018-02-22', 162, 1552),
            (24044, '2018-02-22', 161, 1563),
            (24045, '2018-02-22', 197, 1565),
            (24046, '2018-02-22', 186, 1578),
            (24047, '2018-02-22', 160, 1308),
            (24048, '2018-02-22', 165, 1309),
            (24049, '2018-02-22', 165, 1313),
            (24050, '2018-02-22', 164, 1316),
            (24051, '2018-02-22', 165, 1317),
            (24052, '2018-02-22', 169, 1322),
            (24053, '2018-02-22', 178, 250),
            (24054, '2018-02-22', 179, 5454),
            (24055, '2018-02-22', 159, 18030),
            (24056, '2018-02-22', 159, 5459),
            (24057, '2018-02-22', 164, 5463),
            (24058, '2018-02-22', 165, 5473),
            (24059, '2018-02-22', 166, 832),
            (24060, '2018-02-22', 179, 834),
            (24061, '2018-02-22', 204, 837),
            (24062, '2018-02-22', 160, 842),
            (24063, '2018-02-22', 160, 846),
            (24064, '2018-02-22', 160, 850),
            (24065, '2018-02-22', 179, 851),
            (24066, '2018-02-22', 204, 18093),
            (24067, '2018-02-22', 204, 4933),
            (24068, '2018-02-22', 177, 5504),
            (24069, '2018-02-22', 178, 5510),
            (24070, '2018-02-22', 178, 5516),
            (24071, '2018-02-22', 177, 5525),
            (24072, '2018-02-22', 162, 1583),
            (24073, '2018-02-22', 162, 18001),
            (24074, '2018-02-22', 187, 1588),
            (24075, '2018-02-22', 170, 1590),
            (24076, '2018-02-22', 185, 3439),
            (24077, '2018-02-22', 176, 3075),
            (24078, '2018-02-22', 162, 3039),
            (24079, '2018-02-22', 197, 3044),
            (24080, '2018-02-22', 179, 3045),
            (24081, '2018-02-22', 201, 3049),
            (24082, '2018-02-22', 181, 1600),
            (24083, '2018-02-22', 201, 1601),
            (24084, '2018-02-22', 160, 18018),
            (24085, '2018-02-22', 160, 1604),
            (24086, '2018-02-22', 196, 1607),
            (24087, '2018-02-22', 200, 1608),
            (24088, '2018-02-22', 196, 1611),
            (24089, '2018-02-22', 189, 1612),
            (24090, '2018-02-22', 173, 1751),
            (24091, '2018-02-22', 177, 1325),
            (24092, '2018-02-22', 191, 2205),
            (24093, '2018-02-22', 198, 1410),
            (24094, '2018-02-22', 179, 1065),
            (24095, '2018-02-22', 164, 861),
            (24096, '2018-02-22', 166, 862),
            (24097, '2018-02-22', 185, 880),
            (24098, '2018-02-22', 203, 5483),
            (24099, '2018-02-22', 187, 1326),
            (24100, '2018-02-22', 169, 905),
            (24101, '2018-02-22', 186, 2502),
            (24102, '2018-02-22', 186, 3050),
            (24103, '2018-02-22', 186, 3051),
            (24104, '2018-02-22', 168, 3052),
            (24105, '2018-02-22', 204, 3053),
            (24106, '2018-02-22', 179, 4541),
            (24107, '2018-02-22', 197, 4543),
            (24108, '2018-02-22', 189, 5487),
            (24109, '2018-02-22', 160, 1327),
            (24110, '2018-02-22', 186, 1328),
            (24111, '2018-02-22', 161, 1332),
            (24112, '2018-02-22', 186, 3054),
            (24113, '2018-02-22', 185, 3057),
            (24114, '2018-02-22', 203, 5492),
            (24115, '2018-02-22', 203, 5493),
            (24116, '2018-02-22', 181, 252),
            (24117, '2018-02-22', 196, 255),
            (24118, '2018-02-22', 181, 256),
            (24119, '2018-02-22', 164, 912),
            (24120, '2018-02-22', 166, 915),
            (24121, '2018-02-22', 181, 918),
            (24122, '2018-02-22', 192, 18107),
            (24123, '2018-02-22', 204, 3201),
            (24124, '2018-02-22', 187, 2511),
            (24125, '2018-02-22', 185, 2514),
            (24126, '2018-02-22', 181, 2518),
            (24127, '2018-02-22', 168, 2520),
            (24128, '2018-02-22', 168, 2523),
            (24129, '2018-02-22', 197, 2529),
            (24130, '2018-02-22', 181, 2538),
            (24131, '2018-02-22', 168, 2543),
            (24132, '2018-02-22', 185, 2548),
            (24133, '2018-02-22', 185, 2552),
            (24134, '2018-02-22', 173, 2911),
            (24135, '2018-02-22', 168, 2912),
            (24136, '2018-02-22', 164, 922),
            (24137, '2018-02-22', 181, 4137),
            (24138, '2018-02-22', 202, 3105),
            (24139, '2018-02-22', 164, 930),
            (24140, '2018-02-22', 178, 5526),
            (24141, '2018-02-22', 178, 5528),
            (24142, '2018-02-22', 193, 2563),
            (24143, '2018-02-22', 203, 5530),
            (24144, '2018-02-22', 202, 5533),
            (24145, '2018-02-22', 202, 5534),
            (24146, '2018-02-22', 196, 18118),
            (24147, '2018-02-22', 196, 5538),
            (24148, '2018-02-22', 160, 5545),
            (24149, '2018-02-22', 177, 3080),
            (24150, '2018-02-22', 177, 3081),
            (24151, '2018-02-22', 177, 3082),
            (24152, '2018-02-22', 177, 3083),
            (24153, '2018-02-22', 176, 3085),
            (24154, '2018-02-22', 192, 2280),
            (24155, '2018-02-22', 204, 2283),
            (24156, '2018-02-22', 192, 2286),
            (24157, '2018-02-22', 191, 5549),
            (24158, '2018-02-22', 182, 5550),
            (24159, '2018-02-22', 161, 5557),
            (24160, '2018-02-22', 185, 5559),
            (24161, '2018-02-22', 161, 5561),
            (24162, '2018-02-22', 165, 5318),
            (24163, '2018-02-22', 165, 5323),
            (24164, '2018-02-22', 197, 5328),
            (24165, '2018-02-22', 165, 5334),
            (24166, '2018-02-22', 165, 5343),
            (24167, '2018-02-22', 165, 5352),
            (24168, '2018-02-22', 181, 5569),
            (24169, '2018-02-22', 160, 5354),
            (24170, '2018-02-22', 178, 5358),
            (24171, '2018-02-22', 185, 5362),
            (24172, '2018-02-22', 186, 5363),
            (24173, '2018-02-22', 178, 5366),
            (24174, '2018-02-22', 169, 5368),
            (24175, '2018-02-22', 181, 5370),
            (24176, '2018-02-22', 181, 5372),
            (24177, '2018-02-22', 162, 5375),
            (24178, '2018-02-22', 182, 5378),
            (24179, '2018-02-22', 200, 5382),
            (24180, '2018-02-22', 193, 5383),
            (24181, '2018-02-22', 160, 5384),
            (24182, '2018-02-22', 160, 5385),
            (24183, '2018-02-22', 160, 5386),
            (24184, '2018-02-22', 160, 5387),
            (24185, '2018-02-22', 185, 5388),
            (24186, '2018-02-22', 189, 5389),
            (24187, '2018-02-22', 168, 5390),
            (24188, '2018-02-22', 162, 5396),
            (24189, '2018-02-22', 185, 5397),
            (24190, '2018-02-22', 200, 25),
            (24191, '2018-02-22', 181, 2569),
            (24192, '2018-02-22', 160, 2576),
            (24193, '2018-02-22', 185, 2579),
            (24194, '2018-02-22', 185, 2580),
            (24195, '2018-02-22', 185, 2593),
            (24196, '2018-02-22', 196, 2597),
            (24197, '2018-02-22', 196, 18111),
            (24198, '2018-02-22', 164, 2602),
            (24199, '2018-02-22', 159, 2603),
            (24200, '2018-02-22', 159, 18179),
            (24201, '2018-02-22', 162, 2605),
            (24202, '2018-02-22', 201, 263),
            (24203, '2018-02-22', 197, 283),
            (24204, '2018-02-22', 162, 5575),
            (24205, '2018-02-22', 193, 5579),
            (24206, '2018-02-22', 197, 5601),
            (24207, '2018-02-22', 202, 5608),
            (24208, '2018-02-22', 189, 5609),
            (24209, '2018-02-22', 191, 5610),
            (24210, '2018-02-22', 203, 5619),
            (24211, '2018-02-22', 201, 5623),
            (24212, '2018-02-22', 185, 5626),
            (24213, '2018-02-22', 162, 18161),
            (24214, '2018-02-22', 162, 5633),
            (24215, '2018-02-22', 203, 5638),
            (24216, '2018-02-22', 187, 4150),
            (24217, '2018-02-22', 185, 4151),
            (24218, '2018-02-22', 185, 4152),
            (24219, '2018-02-22', 164, 4155),
            (24220, '2018-02-22', 164, 940),
            (24221, '2018-02-22', 173, 5665),
            (24222, '2018-02-22', 173, 5666);

    exception when sqlstate 'GUARD' then
        raise notice 'ALREADY EXECUTED';
    end;
    
end $$;
commit;
